datetime	Gulf_extend
8/18/2017 0:30	-0.195
8/18/2017 1:00	-0.187
8/18/2017 1:30	-0.177
8/18/2017 2:00	-0.159
8/18/2017 2:30	-0.128
8/18/2017 3:00	-0.092
8/18/2017 3:30	-0.038
8/18/2017 4:00	0.038
8/18/2017 4:30	0.133
8/18/2017 5:00	0.241
8/18/2017 5:30	0.349
8/18/2017 6:00	0.445
8/18/2017 6:30	0.529
8/18/2017 7:00	0.597
8/18/2017 7:30	0.646
8/18/2017 8:00	0.677
8/18/2017 8:30	0.694
8/18/2017 9:00	0.709
8/18/2017 9:30	0.718
8/18/2017 10:00	0.707
8/18/2017 10:30	0.673
8/18/2017 11:00	0.624
8/18/2017 11:30	0.564
8/18/2017 12:00	0.508
8/18/2017 12:30	0.457
8/18/2017 13:00	0.410
8/18/2017 13:30	0.376
8/18/2017 14:00	0.339
8/18/2017 14:30	0.296
8/18/2017 15:00	0.258
8/18/2017 15:30	0.222
8/18/2017 16:00	0.190
8/18/2017 16:30	0.167
8/18/2017 17:00	0.150
8/18/2017 17:30	0.141
8/18/2017 18:00	0.140
8/18/2017 18:30	0.144
8/18/2017 19:00	0.143
8/18/2017 19:30	0.123
8/18/2017 20:00	0.083
8/18/2017 20:30	0.047
8/18/2017 21:00	0.013
8/18/2017 21:30	-0.029
8/18/2017 22:00	-0.073
8/18/2017 22:30	-0.114
8/18/2017 23:00	-0.152
8/18/2017 23:30	-0.185
8/19/2017 0:00	-0.209
8/19/2017 0:30	-0.223
8/19/2017 1:00	-0.225
8/19/2017 1:30	-0.216
8/19/2017 2:00	-0.197
8/19/2017 2:30	-0.172
8/19/2017 3:00	-0.136
8/19/2017 3:30	-0.084
8/19/2017 4:00	-0.018
8/19/2017 4:30	0.057
8/19/2017 5:00	0.134
8/19/2017 5:30	0.207
8/19/2017 6:00	0.278
8/19/2017 6:30	0.357
8/19/2017 7:00	0.435
8/19/2017 7:30	0.499
8/19/2017 8:00	0.546
8/19/2017 8:30	0.578
8/19/2017 9:00	0.588
8/19/2017 9:30	0.577
8/19/2017 10:00	0.552
8/19/2017 10:30	0.521
8/19/2017 11:00	0.487
8/19/2017 11:30	0.458
8/19/2017 12:00	0.425
8/19/2017 12:30	0.396
8/19/2017 13:00	0.369
8/19/2017 13:30	0.350
8/19/2017 14:00	0.331
8/19/2017 14:30	0.315
8/19/2017 15:00	0.310
8/19/2017 15:30	0.314
8/19/2017 16:00	0.329
8/19/2017 16:30	0.350
8/19/2017 17:00	0.371
8/19/2017 17:30	0.390
8/19/2017 18:00	0.406
8/19/2017 18:30	0.422
8/19/2017 19:00	0.436
8/19/2017 19:30	0.438
8/19/2017 20:00	0.423
8/19/2017 20:30	0.396
8/19/2017 21:00	0.350
8/19/2017 21:30	0.288
8/19/2017 22:00	0.214
8/19/2017 22:30	0.136
8/19/2017 23:00	0.065
8/19/2017 23:30	-0.002
8/20/2017 0:00	-0.054
8/20/2017 0:30	-0.102
8/20/2017 1:00	-0.142
8/20/2017 1:30	-0.166
8/20/2017 2:00	-0.178
8/20/2017 2:30	-0.177
8/20/2017 3:00	-0.172
8/20/2017 3:30	-0.146
8/20/2017 4:00	-0.103
8/20/2017 4:30	-0.046
8/20/2017 5:00	0.023
8/20/2017 5:30	0.103
8/20/2017 6:00	0.189
8/20/2017 6:30	0.275
8/20/2017 7:00	0.362
8/20/2017 7:30	0.444
8/20/2017 8:00	0.517
8/20/2017 8:30	0.574
8/20/2017 9:00	0.614
8/20/2017 9:30	0.629
8/20/2017 10:00	0.625
8/20/2017 10:30	0.607
8/20/2017 11:00	0.578
8/20/2017 11:30	0.538
8/20/2017 12:00	0.496
8/20/2017 12:30	0.456
8/20/2017 13:00	0.414
8/20/2017 13:30	0.366
8/20/2017 14:00	0.317
8/20/2017 14:30	0.276
8/20/2017 15:00	0.247
8/20/2017 15:30	0.227
8/20/2017 16:00	0.216
8/20/2017 16:30	0.219
8/20/2017 17:00	0.229
8/20/2017 17:30	0.248
8/20/2017 18:00	0.268
8/20/2017 18:30	0.290
8/20/2017 19:00	0.311
8/20/2017 19:30	0.331
8/20/2017 20:00	0.356
8/20/2017 20:30	0.376
8/20/2017 21:00	0.384
8/20/2017 21:30	0.370
8/20/2017 22:00	0.339
8/20/2017 22:30	0.299
8/20/2017 23:00	0.255
8/20/2017 23:30	0.213
8/21/2017 0:00	0.170
8/21/2017 0:30	0.130
8/21/2017 1:00	0.096
8/21/2017 1:30	0.066
8/21/2017 2:00	0.042
8/21/2017 2:30	0.025
8/21/2017 3:00	0.022
8/21/2017 3:30	0.033
8/21/2017 4:00	0.059
8/21/2017 4:30	0.097
8/21/2017 5:00	0.140
8/21/2017 5:30	0.186
8/21/2017 6:00	0.240
8/21/2017 6:30	0.296
8/21/2017 7:00	0.349
8/21/2017 7:30	0.397
8/21/2017 8:00	0.445
8/21/2017 8:30	0.496
8/21/2017 9:00	0.544
8/21/2017 9:30	0.581
8/21/2017 10:00	0.600
8/21/2017 10:30	0.599
8/21/2017 11:00	0.587
8/21/2017 11:30	0.570
8/21/2017 12:00	0.545
8/21/2017 12:30	0.512
8/21/2017 13:00	0.480
8/21/2017 13:30	0.450
8/21/2017 14:00	0.417
8/21/2017 14:30	0.380
8/21/2017 15:00	0.351
8/21/2017 15:30	0.337
8/21/2017 16:00	0.332
8/21/2017 16:30	0.335
8/21/2017 17:00	0.341
8/21/2017 17:30	0.345
8/21/2017 18:00	0.350
8/21/2017 18:30	0.355
8/21/2017 19:00	0.358
8/21/2017 19:30	0.352
8/21/2017 20:00	0.344
8/21/2017 20:30	0.343
8/21/2017 21:00	0.344
8/21/2017 21:30	0.335
8/21/2017 22:00	0.316
8/21/2017 22:30	0.282
8/21/2017 23:00	0.235
8/21/2017 23:30	0.178
8/22/2017 0:00	0.119
8/22/2017 0:30	0.060
8/22/2017 1:00	0.008
8/22/2017 1:30	-0.034
8/22/2017 2:00	-0.061
8/22/2017 2:30	-0.073
8/22/2017 3:00	-0.076
8/22/2017 3:30	-0.071
8/22/2017 4:00	-0.053
8/22/2017 4:30	-0.023
8/22/2017 5:00	0.017
8/22/2017 5:30	0.057
8/22/2017 6:00	0.108
8/22/2017 6:30	0.169
8/22/2017 7:00	0.232
8/22/2017 7:30	0.296
8/22/2017 8:00	0.360
8/22/2017 8:30	0.420
8/22/2017 9:00	0.478
8/22/2017 9:30	0.536
8/22/2017 10:00	0.591
8/22/2017 10:30	0.626
8/22/2017 11:00	0.639
8/22/2017 11:30	0.627
8/22/2017 12:00	0.600
8/22/2017 12:30	0.563
8/22/2017 13:00	0.516
8/22/2017 13:30	0.464
8/22/2017 14:00	0.413
8/22/2017 14:30	0.369
8/22/2017 15:00	0.330
8/22/2017 15:30	0.301
8/22/2017 16:00	0.280
8/22/2017 16:30	0.265
8/22/2017 17:00	0.257
8/22/2017 17:30	0.260
8/22/2017 18:00	0.265
8/22/2017 18:30	0.272
8/22/2017 19:00	0.287
8/22/2017 19:30	0.310
8/22/2017 20:00	0.338
8/22/2017 20:30	0.361
8/22/2017 21:00	0.392
8/22/2017 21:30	0.425
8/22/2017 22:00	0.453
8/22/2017 22:30	0.468
8/22/2017 23:00	0.458
8/22/2017 23:30	0.431
8/23/2017 0:00	0.389
8/23/2017 0:30	0.339
8/23/2017 1:00	0.277
8/23/2017 1:30	0.215
8/23/2017 2:00	0.164
8/23/2017 2:30	0.115
8/23/2017 3:00	0.065
8/23/2017 3:30	0.020
8/23/2017 4:00	-0.016
8/23/2017 4:30	-0.040
8/23/2017 5:00	-0.054
8/23/2017 5:30	-0.053
8/23/2017 6:00	-0.040
8/23/2017 6:30	-0.012
8/23/2017 7:00	0.024
8/23/2017 7:30	0.063
8/23/2017 8:00	0.109
8/23/2017 8:30	0.151
8/23/2017 9:00	0.199
8/23/2017 9:30	0.249
8/23/2017 10:00	0.306
8/23/2017 10:30	0.362
8/23/2017 11:00	0.410
8/23/2017 11:30	0.439
8/23/2017 12:00	0.454
8/23/2017 12:30	0.445
8/23/2017 13:00	0.418
8/23/2017 13:30	0.388
8/23/2017 14:00	0.352
8/23/2017 14:30	0.320
8/23/2017 15:00	0.290
8/23/2017 15:30	0.265
8/23/2017 16:00	0.247
8/23/2017 16:30	0.235
8/23/2017 17:00	0.233
8/23/2017 17:30	0.239
8/23/2017 18:00	0.248
8/23/2017 18:30	0.259
8/23/2017 19:00	0.273
8/23/2017 19:30	0.291
8/23/2017 20:00	0.312
8/23/2017 20:30	0.337
8/23/2017 21:00	0.363
8/23/2017 21:30	0.387
8/23/2017 22:00	0.407
8/23/2017 22:30	0.431
8/23/2017 23:00	0.459
8/23/2017 23:30	0.469
8/24/2017 0:00	0.456
8/24/2017 0:30	0.430
8/24/2017 1:00	0.391
8/24/2017 1:30	0.350
8/24/2017 2:00	0.313
8/24/2017 2:30	0.279
8/24/2017 3:00	0.247
8/24/2017 3:30	0.218
8/24/2017 4:00	0.197
8/24/2017 4:30	0.186
8/24/2017 5:00	0.184
8/24/2017 5:30	0.191
8/24/2017 6:00	0.206
8/24/2017 6:30	0.224
8/24/2017 7:00	0.249
8/24/2017 7:30	0.274
8/24/2017 8:00	0.296
8/24/2017 8:30	0.323
8/24/2017 9:00	0.355
8/24/2017 9:30	0.378
8/24/2017 10:00	0.399
8/24/2017 10:30	0.415
8/24/2017 11:00	0.441
8/24/2017 11:30	0.465
8/24/2017 12:00	0.468
8/24/2017 12:30	0.461
8/24/2017 13:00	0.431
8/24/2017 13:30	0.384
8/24/2017 14:00	0.339
8/24/2017 14:30	0.296
8/24/2017 15:00	0.252
8/24/2017 15:30	0.220
8/24/2017 16:00	0.202
8/24/2017 16:30	0.200
8/24/2017 17:00	0.195
8/24/2017 17:30	0.202
8/24/2017 18:00	0.214
8/24/2017 18:30	0.229
8/24/2017 19:00	0.249
8/24/2017 19:30	0.268
8/24/2017 20:00	0.312
8/24/2017 20:30	0.354
8/24/2017 21:00	0.410
8/24/2017 21:30	0.471
8/24/2017 22:00	0.517
8/24/2017 22:30	0.550
8/24/2017 23:00	0.580
8/24/2017 23:30	0.610
8/25/2017 0:00	0.632
8/25/2017 0:30	0.635
8/25/2017 1:00	0.630
8/25/2017 1:30	0.622
8/25/2017 2:00	0.604
8/25/2017 2:30	0.579
8/25/2017 3:00	0.557
8/25/2017 3:30	0.545
8/25/2017 4:00	0.534
8/25/2017 4:30	0.530
8/25/2017 5:00	0.538
8/25/2017 5:30	0.547
8/25/2017 6:00	0.561
8/25/2017 6:30	0.576
8/25/2017 7:00	0.595
8/25/2017 7:30	0.620
8/25/2017 8:00	0.646
8/25/2017 8:30	0.688
8/25/2017 9:00	0.732
8/25/2017 9:30	0.775
8/25/2017 10:00	0.820
8/25/2017 10:30	0.875
8/25/2017 11:00	0.912
8/25/2017 11:30	0.944
8/25/2017 12:00	0.986
8/25/2017 12:30	1.020
8/25/2017 13:00	1.032
8/25/2017 13:30	1.029
8/25/2017 14:00	1.015
8/25/2017 14:30	0.999
8/25/2017 15:00	0.979
8/25/2017 15:30	0.960
8/25/2017 16:00	0.953
8/25/2017 16:30	0.945
8/25/2017 17:00	0.954
8/25/2017 17:30	0.945
8/25/2017 18:00	0.940
8/25/2017 18:30	0.936
8/25/2017 19:00	0.943
8/25/2017 19:30	0.926
8/25/2017 20:00	0.936
8/25/2017 20:30	0.937
8/25/2017 21:00	0.945
8/25/2017 21:30	0.934
8/25/2017 22:00	0.952
8/25/2017 22:30	0.946
8/25/2017 23:00	0.953
8/25/2017 23:30	0.936
8/26/2017 0:00	0.946
8/26/2017 0:30	0.981
8/26/2017 1:00	1.012
8/26/2017 1:30	1.025
8/26/2017 2:00	1.109
8/26/2017 2:30	1.109
8/26/2017 3:00	1.077
8/26/2017 3:30	1.064
8/26/2017 4:00	1.001
8/26/2017 4:30	1.019
8/26/2017 5:00	0.990
8/26/2017 5:30	1.025
8/26/2017 6:00	1.016
8/26/2017 6:30	1.068
8/26/2017 7:00	1.004
8/26/2017 7:30	0.991
8/26/2017 8:00	1.013
8/26/2017 8:30	0.993
8/26/2017 9:00	0.931
8/26/2017 9:30	0.893
8/26/2017 10:00	0.945
8/26/2017 10:30	0.934
8/26/2017 11:00	0.984
8/26/2017 11:30	1.035
8/26/2017 12:00	0.986
8/26/2017 12:30	1.001
8/26/2017 13:00	1.016
8/26/2017 13:30	0.939
8/26/2017 14:00	0.969
8/26/2017 14:30	0.873
8/26/2017 15:00	0.852
8/26/2017 15:30	0.784
8/26/2017 16:00	0.791
8/26/2017 16:30	0.693
8/26/2017 17:00	0.714
8/26/2017 17:30	0.611
8/26/2017 18:00	0.604
8/26/2017 18:30	0.590
8/26/2017 19:00	0.588
8/26/2017 19:30	0.550
8/26/2017 20:00	0.543
8/26/2017 20:30	0.536
8/26/2017 21:00	0.523
8/26/2017 21:30	0.540
8/26/2017 22:00	0.575
8/26/2017 22:30	0.597
8/26/2017 23:00	0.623
8/26/2017 23:30	0.635
8/27/2017 0:00	0.649
8/27/2017 0:30	0.659
8/27/2017 1:00	0.680
8/27/2017 1:30	0.707
8/27/2017 2:00	0.745
8/27/2017 2:30	0.774
8/27/2017 3:00	0.771
8/27/2017 3:30	0.785
8/27/2017 4:00	0.782
8/27/2017 4:30	0.769
8/27/2017 5:00	0.782
8/27/2017 5:30	0.767
8/27/2017 6:00	0.787
8/27/2017 6:30	0.790
8/27/2017 7:00	0.811
8/27/2017 7:30	0.819
8/27/2017 8:00	0.828
8/27/2017 8:30	0.851
8/27/2017 9:00	0.866
8/27/2017 9:30	0.878
8/27/2017 10:00	0.891
8/27/2017 10:30	0.897
8/27/2017 11:00	0.909
8/27/2017 11:30	0.898
8/27/2017 12:00	0.916
8/27/2017 12:30	0.900
8/27/2017 13:00	0.919
8/27/2017 13:30	0.928
8/27/2017 14:00	0.931
8/27/2017 14:30	0.911
8/27/2017 15:00	0.883
8/27/2017 15:30	0.833
8/27/2017 16:00	0.789
8/27/2017 16:30	0.744
8/27/2017 17:00	0.698
8/27/2017 17:30	0.655
8/27/2017 18:00	0.623
8/27/2017 18:30	0.593
8/27/2017 19:00	0.568
8/27/2017 19:30	0.536
8/27/2017 20:00	0.511
8/27/2017 20:30	0.492
8/27/2017 21:00	0.490
8/27/2017 21:30	0.496
8/27/2017 22:00	0.512
8/27/2017 22:30	0.525
8/27/2017 23:00	0.553
8/27/2017 23:30	0.578
8/28/2017 0:00	0.594
8/28/2017 0:30	0.623
8/28/2017 1:00	0.671
8/28/2017 1:30	0.722
8/28/2017 2:00	0.793
8/28/2017 2:30	0.855
8/28/2017 3:00	0.913
8/28/2017 3:30	0.964
8/28/2017 4:00	1.007
8/28/2017 4:30	1.048
8/28/2017 5:00	1.078
8/28/2017 5:30	1.098
8/28/2017 6:00	1.118
8/28/2017 6:30	1.130
8/28/2017 7:00	1.123
8/28/2017 7:30	1.102
8/28/2017 8:00	1.079
8/28/2017 8:30	1.056
8/28/2017 9:00	1.036
8/28/2017 9:30	1.022
8/28/2017 10:00	1.012
8/28/2017 10:30	1.005
8/28/2017 11:00	0.993
8/28/2017 11:30	0.969
8/28/2017 12:00	0.945
8/28/2017 12:30	0.931
8/28/2017 13:00	0.906
8/28/2017 13:30	0.890
8/28/2017 14:00	0.888
8/28/2017 14:30	0.892
8/28/2017 15:00	0.896
8/28/2017 15:30	0.903
8/28/2017 16:00	0.914
8/28/2017 16:30	0.924
8/28/2017 17:00	0.928
8/28/2017 17:30	0.922
8/28/2017 18:00	0.912
8/28/2017 18:30	0.903
8/28/2017 19:00	0.877
8/28/2017 19:30	0.843
8/28/2017 20:00	0.812
8/28/2017 20:30	0.791
8/28/2017 21:00	0.776
8/28/2017 21:30	0.765
8/28/2017 22:00	0.762
8/28/2017 22:30	0.760
8/28/2017 23:00	0.757
8/28/2017 23:30	0.751
8/29/2017 0:00	0.746
8/29/2017 0:30	0.750
8/29/2017 1:00	0.762
8/29/2017 1:30	0.784
8/29/2017 2:00	0.811
8/29/2017 2:30	0.856
8/29/2017 3:00	0.901
8/29/2017 3:30	0.942
8/29/2017 4:00	1.000
8/29/2017 4:30	1.047
8/29/2017 5:00	1.082
8/29/2017 5:30	1.107
8/29/2017 6:00	1.124
8/29/2017 6:30	1.130
8/29/2017 7:00	1.128
8/29/2017 7:30	1.117
8/29/2017 8:00	1.104
8/29/2017 8:30	1.102
8/29/2017 9:00	1.099
8/29/2017 9:30	1.109
8/29/2017 10:00	1.119
8/29/2017 10:30	1.114
8/29/2017 11:00	1.099
8/29/2017 11:30	1.073
8/29/2017 12:00	1.036
8/29/2017 12:30	1.017
8/29/2017 13:00	0.995
8/29/2017 13:30	0.970
8/29/2017 14:00	0.955
8/29/2017 14:30	0.945
8/29/2017 15:00	0.927
8/29/2017 15:30	0.899
8/29/2017 16:00	0.879
8/29/2017 16:30	0.882
8/29/2017 17:00	0.866
8/29/2017 17:30	0.843
8/29/2017 18:00	0.809
8/29/2017 18:30	0.754
8/29/2017 19:00	0.700
8/29/2017 19:30	0.633
8/29/2017 20:00	0.562
8/29/2017 20:30	0.502
8/29/2017 21:00	0.423
8/29/2017 21:30	0.382
8/29/2017 22:00	0.357
8/29/2017 22:30	0.331
8/29/2017 23:00	0.295
8/29/2017 23:30	0.257
8/30/2017 0:00	0.195
8/30/2017 0:30	0.181
8/30/2017 1:00	0.217
8/30/2017 1:30	0.261
8/30/2017 2:00	0.305
8/30/2017 2:30	0.341
8/30/2017 3:00	0.368
8/30/2017 3:30	0.405
8/30/2017 4:00	0.422
8/30/2017 4:30	0.452
8/30/2017 5:00	0.475
8/30/2017 5:30	0.500
8/30/2017 6:00	0.520
8/30/2017 6:30	0.512
8/30/2017 7:00	0.480
8/30/2017 7:30	0.425
8/30/2017 8:00	0.369
8/30/2017 8:30	0.310
8/30/2017 9:00	0.252
8/30/2017 9:30	0.196
8/30/2017 10:00	0.157
8/30/2017 10:30	0.126
8/30/2017 11:00	0.094
8/30/2017 11:30	0.050
8/30/2017 12:00	0.000
8/30/2017 12:30	-0.046
8/30/2017 13:00	-0.085
8/30/2017 13:30	-0.111
8/30/2017 14:00	-0.131
8/30/2017 14:30	-0.146
8/30/2017 15:00	-0.161
8/30/2017 15:30	-0.177
8/30/2017 16:00	-0.185
8/30/2017 16:30	-0.189
8/30/2017 17:00	-0.195
8/30/2017 17:30	-0.206
8/30/2017 18:00	-0.220
8/30/2017 18:30	-0.233
8/30/2017 19:00	-0.251
8/30/2017 19:30	-0.279
8/30/2017 20:00	-0.316
8/30/2017 20:30	-0.343
8/30/2017 21:00	-0.362
8/30/2017 21:30	-0.380
8/30/2017 22:00	-0.400
8/30/2017 22:30	-0.418
8/30/2017 23:00	-0.436
8/30/2017 23:30	-0.445
8/31/2017 0:00	-0.446
8/31/2017 0:30	-0.326
8/31/2017 1:00	-0.207
8/31/2017 1:30	-0.176
8/31/2017 2:00	-0.144
8/31/2017 2:30	-0.084
8/31/2017 3:00	-0.024
8/31/2017 3:30	0.025
8/31/2017 4:00	0.073
8/31/2017 4:30	0.116
8/31/2017 5:00	0.158
8/31/2017 5:30	0.187
8/31/2017 6:00	0.215
8/31/2017 6:30	0.238
8/31/2017 7:00	0.260
8/31/2017 7:30	0.247
8/31/2017 8:00	0.233
8/31/2017 8:30	0.231
8/31/2017 9:00	0.228
8/31/2017 9:30	0.214
8/31/2017 10:00	0.200
8/31/2017 10:30	0.185
8/31/2017 11:00	0.169
8/31/2017 11:30	0.151
8/31/2017 12:00	0.132
8/31/2017 12:30	0.115
8/31/2017 13:00	0.098
8/31/2017 13:30	0.123
8/31/2017 14:00	0.147
8/31/2017 14:30	0.149
8/31/2017 15:00	0.150
8/31/2017 15:30	0.142
8/31/2017 16:00	0.133
8/31/2017 16:30	0.139
8/31/2017 17:00	0.144
8/31/2017 17:30	0.140
8/31/2017 18:00	0.135
8/31/2017 18:30	0.121
8/31/2017 19:00	0.107
8/31/2017 19:30	0.080
8/31/2017 20:00	0.052
8/31/2017 20:30	0.019
8/31/2017 21:00	-0.014
8/31/2017 21:30	-0.040
8/31/2017 22:00	-0.065
8/31/2017 22:30	-0.075
8/31/2017 23:00	-0.085
8/31/2017 23:30	-0.085
9/1/2017 0:00	-0.085
9/1/2017 0:30	-0.072
9/1/2017 1:00	-0.058
9/1/2017 1:30	-0.027
9/1/2017 2:00	0.004
9/1/2017 2:30	0.043
9/1/2017 3:00	0.082
9/1/2017 3:30	0.129
9/1/2017 4:00	0.176
9/1/2017 4:30	0.218
9/1/2017 5:00	0.260
9/1/2017 5:30	0.291
9/1/2017 6:00	0.322
9/1/2017 6:30	0.330
9/1/2017 7:00	0.337
9/1/2017 7:30	0.345
9/1/2017 8:00	0.353
9/1/2017 8:30	0.351
9/1/2017 9:00	0.349
9/1/2017 9:30	0.355
9/1/2017 10:00	0.360
9/1/2017 10:30	0.349
9/1/2017 11:00	0.338
9/1/2017 11:30	0.341
9/1/2017 12:00	0.344
9/1/2017 12:30	0.334
9/1/2017 13:00	0.323
9/1/2017 13:30	0.334
9/1/2017 14:00	0.345
9/1/2017 14:30	0.346
9/1/2017 15:00	0.347
9/1/2017 15:30	0.348
9/1/2017 16:00	0.349
9/1/2017 16:30	0.335
9/1/2017 17:00	0.320
9/1/2017 17:30	0.320
9/1/2017 18:00	0.320
9/1/2017 18:30	0.299
9/1/2017 19:00	0.278
9/1/2017 19:30	0.268
9/1/2017 20:00	0.257
9/1/2017 20:30	0.239
9/1/2017 21:00	0.220
9/1/2017 21:30	0.199
9/1/2017 22:00	0.178
9/1/2017 22:30	0.156
9/1/2017 23:00	0.133
9/1/2017 23:30	0.118
9/2/2017 0:00	0.103
9/2/2017 0:30	0.091
9/2/2017 1:00	0.079
9/2/2017 1:30	0.090
9/2/2017 2:00	0.100
9/2/2017 2:30	0.139
9/2/2017 3:00	0.177
9/2/2017 3:30	0.219
9/2/2017 4:00	0.261
9/2/2017 4:30	0.302
9/2/2017 5:00	0.343
9/2/2017 5:30	0.388
9/2/2017 6:00	0.432
9/2/2017 6:30	0.457
9/2/2017 7:00	0.482
9/2/2017 7:30	0.484
9/2/2017 8:00	0.486
9/2/2017 8:30	0.480
9/2/2017 9:00	0.473
9/2/2017 9:30	0.465
9/2/2017 10:00	0.456
9/2/2017 10:30	0.451
9/2/2017 11:00	0.445
9/2/2017 11:30	0.436
9/2/2017 12:00	0.426
9/2/2017 12:30	0.421
9/2/2017 13:00	0.415
9/2/2017 13:30	0.407
9/2/2017 14:00	0.399
9/2/2017 14:30	0.407
9/2/2017 15:00	0.414
9/2/2017 15:30	0.402
9/2/2017 16:00	0.389
9/2/2017 16:30	0.382
9/2/2017 17:00	0.375
9/2/2017 17:30	0.350
9/2/2017 18:00	0.325
9/2/2017 18:30	0.331
9/2/2017 19:00	0.337
9/2/2017 19:30	0.326
9/2/2017 20:00	0.314
9/2/2017 20:30	0.297
9/2/2017 21:00	0.280
9/2/2017 21:30	0.241
9/2/2017 22:00	0.202
9/2/2017 22:30	0.167
9/2/2017 23:00	0.131
9/2/2017 23:30	0.111
9/3/2017 0:00	0.090
9/3/2017 0:30	0.071
9/3/2017 1:00	0.051
9/3/2017 1:30	0.049
9/3/2017 2:00	0.047
9/3/2017 2:30	0.087
9/3/2017 3:00	0.126
9/3/2017 3:30	0.172
9/3/2017 4:00	0.217
9/3/2017 4:30	0.260
9/3/2017 5:00	0.302
9/3/2017 5:30	0.352
9/3/2017 6:00	0.401
9/3/2017 6:30	0.427
9/3/2017 7:00	0.452
9/3/2017 7:30	0.463
9/3/2017 8:00	0.474
9/3/2017 8:30	0.485
9/3/2017 9:00	0.496
9/3/2017 9:30	0.496
9/3/2017 10:00	0.496
9/3/2017 10:30	0.478
9/3/2017 11:00	0.459
9/3/2017 11:30	0.443
9/3/2017 12:00	0.427
9/3/2017 12:30	0.412
9/3/2017 13:00	0.397
9/3/2017 13:30	0.408
9/3/2017 14:00	0.419
9/3/2017 14:30	0.419
9/3/2017 15:00	0.418
9/3/2017 15:30	0.409
9/3/2017 16:00	0.400
9/3/2017 16:30	0.369
9/3/2017 17:00	0.337
9/3/2017 17:30	0.333
9/3/2017 18:00	0.329
9/3/2017 18:30	0.330
9/3/2017 19:00	0.331
9/3/2017 19:30	0.344
9/3/2017 20:00	0.357
9/3/2017 20:30	0.341
9/3/2017 21:00	0.325
9/3/2017 21:30	0.281
9/3/2017 22:00	0.236
9/3/2017 22:30	0.215
9/3/2017 23:00	0.193
9/3/2017 23:30	0.150
9/4/2017 0:00	0.106
9/4/2017 0:30	0.077
9/4/2017 1:00	0.048
9/4/2017 1:30	0.058
9/4/2017 2:00	0.068
9/4/2017 2:30	0.098
9/4/2017 3:00	0.128
9/4/2017 3:30	0.175
9/4/2017 4:00	0.222
9/4/2017 4:30	0.249
9/4/2017 5:00	0.276
9/4/2017 5:30	0.316
9/4/2017 6:00	0.355
9/4/2017 6:30	0.397
9/4/2017 7:00	0.439
9/4/2017 7:30	0.477
9/4/2017 8:00	0.515
9/4/2017 8:30	0.531
9/4/2017 9:00	0.546
9/4/2017 9:30	0.552
9/4/2017 10:00	0.557
9/4/2017 10:30	0.545
9/4/2017 11:00	0.532
9/4/2017 11:30	0.514
9/4/2017 12:00	0.496
9/4/2017 12:30	0.492
9/4/2017 13:00	0.487
9/4/2017 13:30	0.467
9/4/2017 14:00	0.446
9/4/2017 14:30	0.467
9/4/2017 15:00	0.488
9/4/2017 15:30	0.486
9/4/2017 16:00	0.484
9/4/2017 16:30	0.487
9/4/2017 17:00	0.489
9/4/2017 17:30	0.478
9/4/2017 18:00	0.466
9/4/2017 18:30	0.470
9/4/2017 19:00	0.474
9/4/2017 19:30	0.481
9/4/2017 20:00	0.488
9/4/2017 20:30	0.475
9/4/2017 21:00	0.462
9/4/2017 21:30	0.428
9/4/2017 22:00	0.393
9/4/2017 22:30	0.369
9/4/2017 23:00	0.344
9/4/2017 23:30	0.286
9/5/2017 0:00	0.227
9/5/2017 0:30	0.195
9/5/2017 1:00	0.162
9/5/2017 1:30	0.137
9/5/2017 2:00	0.112
9/5/2017 2:30	0.115
9/5/2017 3:00	0.117
9/5/2017 3:30	0.154
9/5/2017 4:00	0.190
9/5/2017 4:30	0.240
9/5/2017 5:00	0.290
9/5/2017 5:30	0.333
9/5/2017 6:00	0.375
9/5/2017 6:30	0.408
9/5/2017 7:00	0.440
9/5/2017 7:30	0.464
9/5/2017 8:00	0.487
9/5/2017 8:30	0.521
9/5/2017 9:00	0.554
9/5/2017 9:30	0.561
9/5/2017 10:00	0.567
9/5/2017 10:30	0.546
9/5/2017 11:00	0.524
9/5/2017 11:30	0.523
9/5/2017 12:00	0.522
9/5/2017 12:30	0.510
9/5/2017 13:00	0.497
9/5/2017 13:30	0.494
9/5/2017 14:00	0.490
9/5/2017 14:30	0.490
9/5/2017 15:00	0.490
9/5/2017 15:30	0.488
9/5/2017 16:00	0.486
9/5/2017 16:30	0.473
9/5/2017 17:00	0.460
9/5/2017 17:30	0.451
9/5/2017 18:00	0.442
9/5/2017 18:30	0.469
9/5/2017 19:00	0.495
9/5/2017 19:30	0.519
9/5/2017 20:00	0.543
9/5/2017 20:30	0.547
9/5/2017 21:00	0.550
9/5/2017 21:30	0.535
9/5/2017 22:00	0.520
9/5/2017 22:30	0.482
9/5/2017 23:00	0.444
9/5/2017 23:30	0.379
9/6/2017 0:00	0.313
9/6/2017 0:30	0.285
9/6/2017 1:00	0.257
9/6/2017 1:30	0.205
9/6/2017 2:00	0.153
9/6/2017 2:30	0.128
9/6/2017 3:00	0.102
9/6/2017 3:30	0.135
9/6/2017 4:00	0.167
9/6/2017 4:30	0.202
9/6/2017 5:00	0.237
9/6/2017 5:30	0.273
9/6/2017 6:00	0.309
9/6/2017 6:30	0.340
9/6/2017 7:00	0.371
9/6/2017 7:30	0.392
9/6/2017 8:00	0.413
9/6/2017 8:30	0.445
9/6/2017 9:00	0.477
9/6/2017 9:30	0.512
9/6/2017 10:00	0.546
9/6/2017 10:30	0.554
9/6/2017 11:00	0.561
9/6/2017 11:30	0.541
9/6/2017 12:00	0.521
9/6/2017 12:30	0.494
9/6/2017 13:00	0.466
9/6/2017 13:30	0.431
9/6/2017 14:00	0.395
9/6/2017 14:30	0.378
9/6/2017 15:00	0.361
9/6/2017 15:30	0.363
9/6/2017 16:00	0.364
9/6/2017 16:30	0.393
9/6/2017 17:00	0.422
9/6/2017 17:30	0.460
9/6/2017 18:00	0.498
9/6/2017 18:30	0.497
9/6/2017 19:00	0.495
9/6/2017 19:30	0.510
9/6/2017 20:00	0.524
9/6/2017 20:30	0.550
9/6/2017 21:00	0.575
9/6/2017 21:30	0.576
9/6/2017 22:00	0.576
9/6/2017 22:30	0.571
9/6/2017 23:00	0.565
9/6/2017 23:30	0.519
9/7/2017 0:00	0.473
9/7/2017 0:30	0.420
9/7/2017 1:00	0.366
9/7/2017 1:30	0.308
9/7/2017 2:00	0.249
9/7/2017 2:30	0.212
9/7/2017 3:00	0.175
9/7/2017 3:30	0.151
9/7/2017 4:00	0.126
9/7/2017 4:30	0.139
9/7/2017 5:00	0.152
9/7/2017 5:30	0.192
9/7/2017 6:00	0.231
9/7/2017 6:30	0.285
9/7/2017 7:00	0.339
9/7/2017 7:30	0.397
9/7/2017 8:00	0.455
9/7/2017 8:30	0.494
9/7/2017 9:00	0.532
9/7/2017 9:30	0.558
9/7/2017 10:00	0.583
9/7/2017 10:30	0.582
9/7/2017 11:00	0.581
9/7/2017 11:30	0.573
9/7/2017 12:00	0.565
9/7/2017 12:30	0.545
9/7/2017 13:00	0.524
9/7/2017 13:30	0.513
9/7/2017 14:00	0.502
9/7/2017 14:30	0.484
9/7/2017 15:00	0.466
9/7/2017 15:30	0.452
9/7/2017 16:00	0.437
9/7/2017 16:30	0.432
9/7/2017 17:00	0.427
9/7/2017 17:30	0.439
9/7/2017 18:00	0.451
9/7/2017 18:30	0.486
9/7/2017 19:00	0.520
9/7/2017 19:30	0.583
9/7/2017 20:00	0.646
9/7/2017 20:30	0.668
9/7/2017 21:00	0.689
9/7/2017 21:30	0.697
9/7/2017 22:00	0.705
9/7/2017 22:30	0.690
9/7/2017 23:00	0.675
9/7/2017 23:30	0.647
9/8/2017 0:00	0.618
9/8/2017 0:30	0.576
9/8/2017 1:00	0.533
9/8/2017 1:30	0.499
9/8/2017 2:00	0.464
9/8/2017 2:30	0.431
9/8/2017 3:00	0.398
9/8/2017 3:30	0.384
9/8/2017 4:00	0.370
9/8/2017 4:30	0.371
9/8/2017 5:00	0.371
9/8/2017 5:30	0.386
9/8/2017 6:00	0.401
9/8/2017 6:30	0.438
9/8/2017 7:00	0.474
9/8/2017 7:30	0.538
9/8/2017 8:00	0.602
9/8/2017 8:30	0.622
9/8/2017 9:00	0.641
9/8/2017 9:30	0.656
9/8/2017 10:00	0.670
9/8/2017 10:30	0.663
9/8/2017 11:00	0.656
9/8/2017 11:30	0.653
9/8/2017 12:00	0.649
9/8/2017 12:30	0.622
9/8/2017 13:00	0.595
9/8/2017 13:30	0.570
9/8/2017 14:00	0.545
9/8/2017 14:30	0.527
9/8/2017 15:00	0.508
9/8/2017 15:30	0.481
9/8/2017 16:00	0.454
9/8/2017 16:30	0.463
9/8/2017 17:00	0.471
9/8/2017 17:30	0.471
9/8/2017 18:00	0.471
9/8/2017 18:30	0.469
9/8/2017 19:00	0.466
9/8/2017 19:30	0.499
9/8/2017 20:00	0.531
9/8/2017 20:30	0.568
9/8/2017 21:00	0.605
9/8/2017 21:30	0.618
9/8/2017 22:00	0.630
9/8/2017 22:30	0.644
9/8/2017 23:00	0.658
9/8/2017 23:30	0.633
9/9/2017 0:00	0.608
9/9/2017 0:30	0.582
9/9/2017 1:00	0.556
9/9/2017 1:30	0.530
9/9/2017 2:00	0.503
9/9/2017 2:30	0.490
9/9/2017 3:00	0.476
9/9/2017 3:30	0.462
9/9/2017 4:00	0.447
9/9/2017 4:30	0.438
9/9/2017 5:00	0.429
9/9/2017 5:30	0.430
9/9/2017 6:00	0.431
9/9/2017 6:30	0.433
9/9/2017 7:00	0.434
9/9/2017 7:30	0.464
9/9/2017 8:00	0.494
9/9/2017 8:30	0.531
9/9/2017 9:00	0.568
9/9/2017 9:30	0.601
9/9/2017 10:00	0.633
9/9/2017 10:30	0.650
9/9/2017 11:00	0.667
9/9/2017 11:30	0.654
9/9/2017 12:00	0.641
9/9/2017 12:30	0.644
9/9/2017 13:00	0.647
9/9/2017 13:30	0.619
9/9/2017 14:00	0.591
9/9/2017 14:30	0.573
9/9/2017 15:00	0.555
9/9/2017 15:30	0.510
9/9/2017 16:00	0.465
9/9/2017 16:30	0.453
9/9/2017 17:00	0.441
9/9/2017 17:30	0.429
9/9/2017 18:00	0.417
9/9/2017 18:30	0.416
9/9/2017 19:00	0.415
9/9/2017 19:30	0.459
9/9/2017 20:00	0.503
9/9/2017 20:30	0.553
9/9/2017 21:00	0.603
9/9/2017 21:30	0.647
9/9/2017 22:00	0.691
9/9/2017 22:30	0.711
9/9/2017 23:00	0.730
9/9/2017 23:30	0.743
9/10/2017 0:00	0.756
9/10/2017 0:30	0.731
9/10/2017 1:00	0.706
9/10/2017 1:30	0.680
9/10/2017 2:00	0.654
9/10/2017 2:30	0.623
9/10/2017 3:00	0.591
9/10/2017 3:30	0.565
9/10/2017 4:00	0.539
9/10/2017 4:30	0.526
9/10/2017 5:00	0.513
9/10/2017 5:30	0.493
9/10/2017 6:00	0.473
9/10/2017 6:30	0.478
9/10/2017 7:00	0.483
9/10/2017 7:30	0.498
9/10/2017 8:00	0.513
9/10/2017 8:30	0.536
9/10/2017 9:00	0.559
9/10/2017 9:30	0.612
9/10/2017 10:00	0.665
9/10/2017 10:30	0.676
9/10/2017 11:00	0.686
9/10/2017 11:30	0.665
9/10/2017 12:00	0.644
9/10/2017 12:30	0.626
9/10/2017 13:00	0.608
9/10/2017 13:30	0.584
9/10/2017 14:00	0.560
9/10/2017 14:30	0.522
9/10/2017 15:00	0.484
9/10/2017 15:30	0.436
9/10/2017 16:00	0.388
9/10/2017 16:30	0.363
9/10/2017 17:00	0.337
9/10/2017 17:30	0.315
9/10/2017 18:00	0.292
9/10/2017 18:30	0.302
9/10/2017 19:00	0.311
9/10/2017 19:30	0.320
9/10/2017 20:00	0.329
9/10/2017 20:30	0.389
9/10/2017 21:00	0.448
9/10/2017 21:30	0.485
9/10/2017 22:00	0.521
9/10/2017 22:30	0.559
9/10/2017 23:00	0.596
9/10/2017 23:30	0.615
9/11/2017 0:00	0.633
9/11/2017 0:30	0.635
9/11/2017 1:00	0.637
9/11/2017 1:30	0.625
9/11/2017 2:00	0.613
9/11/2017 2:30	0.599
9/11/2017 3:00	0.584
9/11/2017 3:30	0.568
9/11/2017 4:00	0.552
9/11/2017 4:30	0.541
9/11/2017 5:00	0.529
9/11/2017 5:30	0.537
9/11/2017 6:00	0.544
9/11/2017 6:30	0.559
9/11/2017 7:00	0.573
9/11/2017 7:30	0.588
9/11/2017 8:00	0.603
9/11/2017 8:30	0.627
9/11/2017 9:00	0.650
9/11/2017 9:30	0.680
9/11/2017 10:00	0.709
9/11/2017 10:30	0.718
9/11/2017 11:00	0.726
9/11/2017 11:30	0.712
9/11/2017 12:00	0.698
9/11/2017 12:30	0.692
9/11/2017 13:00	0.685
9/11/2017 13:30	0.664
9/11/2017 14:00	0.642
9/11/2017 14:30	0.599
9/11/2017 15:00	0.556
9/11/2017 15:30	0.502
9/11/2017 16:00	0.448
9/11/2017 16:30	0.394
9/11/2017 17:00	0.340
9/11/2017 17:30	0.301
9/11/2017 18:00	0.261
9/11/2017 18:30	0.248
9/11/2017 19:00	0.234
9/11/2017 19:30	0.256
9/11/2017 20:00	0.278
9/11/2017 20:30	0.328
9/11/2017 21:00	0.378
9/11/2017 21:30	0.425
9/11/2017 22:00	0.472
9/11/2017 22:30	0.514
9/11/2017 23:00	0.556
9/11/2017 23:30	0.572
9/12/2017 0:00	0.587
9/12/2017 0:30	0.584
9/12/2017 1:00	0.580
9/12/2017 1:30	0.577
9/12/2017 2:00	0.574
9/12/2017 2:30	0.575
9/12/2017 3:00	0.576
9/12/2017 3:30	0.554
9/12/2017 4:00	0.531
9/12/2017 4:30	0.521
9/12/2017 5:00	0.510
9/12/2017 5:30	0.500
9/12/2017 6:00	0.489
9/12/2017 6:30	0.484
9/12/2017 7:00	0.479
9/12/2017 7:30	0.477
9/12/2017 8:00	0.475
9/12/2017 8:30	0.485
9/12/2017 9:00	0.494
9/12/2017 9:30	0.499
9/12/2017 10:00	0.504
9/12/2017 10:30	0.503
9/12/2017 11:00	0.502
9/12/2017 11:30	0.498
9/12/2017 12:00	0.493
9/12/2017 12:30	0.495
9/12/2017 13:00	0.496
9/12/2017 13:30	0.483
9/12/2017 14:00	0.469
9/12/2017 14:30	0.424
9/12/2017 15:00	0.378
9/12/2017 15:30	0.308
9/12/2017 16:00	0.237
9/12/2017 16:30	0.181
9/12/2017 17:00	0.124
9/12/2017 17:30	0.085
9/12/2017 18:00	0.045
9/12/2017 18:30	0.019
9/12/2017 19:00	-0.008
9/12/2017 19:30	-0.005
9/12/2017 20:00	-0.002
9/12/2017 20:30	0.027
9/12/2017 21:00	0.055
9/12/2017 21:30	0.086
9/12/2017 22:00	0.116
9/12/2017 22:30	0.144
9/12/2017 23:00	0.172
9/12/2017 23:30	0.197
9/13/2017 0:00	0.221
9/13/2017 0:30	0.240
9/13/2017 1:00	0.259
9/13/2017 1:30	0.282
9/13/2017 2:00	0.305
9/13/2017 2:30	0.326
9/13/2017 3:00	0.346
9/13/2017 3:30	0.379
9/13/2017 4:00	0.411
9/13/2017 4:30	0.415
9/13/2017 5:00	0.419
9/13/2017 5:30	0.416
9/13/2017 6:00	0.412
9/13/2017 6:30	0.397
9/13/2017 7:00	0.382
9/13/2017 7:30	0.370
9/13/2017 8:00	0.358
9/13/2017 8:30	0.360
9/13/2017 9:00	0.362
9/13/2017 9:30	0.359
9/13/2017 10:00	0.355
9/13/2017 10:30	0.351
9/13/2017 11:00	0.347
9/13/2017 11:30	0.336
9/13/2017 12:00	0.325
9/13/2017 12:30	0.315
9/13/2017 13:00	0.305
9/13/2017 13:30	0.302
9/13/2017 14:00	0.298
9/13/2017 14:30	0.277
9/13/2017 15:00	0.255
9/13/2017 15:30	0.229
9/13/2017 16:00	0.203
9/13/2017 16:30	0.164
9/13/2017 17:00	0.124
9/13/2017 17:30	0.092
9/13/2017 18:00	0.059
9/13/2017 18:30	0.022
9/13/2017 19:00	-0.016
9/13/2017 19:30	-0.040
9/13/2017 20:00	-0.063
9/13/2017 20:30	-0.068
9/13/2017 21:00	-0.072
9/13/2017 21:30	-0.073
9/13/2017 22:00	-0.074
9/13/2017 22:30	-0.058
9/13/2017 23:00	-0.042
9/13/2017 23:30	-0.020
9/14/2017 0:00	0.003
9/14/2017 0:30	0.046
9/14/2017 1:00	0.088
9/14/2017 1:30	0.137
9/14/2017 2:00	0.186
9/14/2017 2:30	0.223
9/14/2017 3:00	0.260
9/14/2017 3:30	0.302
9/14/2017 4:00	0.343
9/14/2017 4:30	0.375
9/14/2017 5:00	0.406
9/14/2017 5:30	0.420
9/14/2017 6:00	0.434
9/14/2017 6:30	0.429
9/14/2017 7:00	0.424
9/14/2017 7:30	0.415
9/14/2017 8:00	0.405
9/14/2017 8:30	0.396
9/14/2017 9:00	0.387
9/14/2017 9:30	0.375
9/14/2017 10:00	0.362
9/14/2017 10:30	0.361
9/14/2017 11:00	0.360
9/14/2017 11:30	0.359
9/14/2017 12:00	0.357
9/14/2017 12:30	0.359
9/14/2017 13:00	0.361
9/14/2017 13:30	0.376
9/14/2017 14:00	0.390
9/14/2017 14:30	0.396
9/14/2017 15:00	0.402
9/14/2017 15:30	0.387
9/14/2017 16:00	0.371
9/14/2017 16:30	0.341
9/14/2017 17:00	0.310
9/14/2017 17:30	0.275
9/14/2017 18:00	0.239
9/14/2017 18:30	0.203
9/14/2017 19:00	0.167
9/14/2017 19:30	0.127
9/14/2017 20:00	0.086
9/14/2017 20:30	0.057
9/14/2017 21:00	0.028
9/14/2017 21:30	0.031
9/14/2017 22:00	0.034
9/14/2017 22:30	0.053
9/14/2017 23:00	0.071
9/14/2017 23:30	0.104
9/15/2017 0:00	0.137
9/15/2017 0:30	0.173
9/15/2017 1:00	0.208
9/15/2017 1:30	0.255
9/15/2017 2:00	0.302
9/15/2017 2:30	0.347
9/15/2017 3:00	0.391
9/15/2017 3:30	0.445
9/15/2017 4:00	0.498
9/15/2017 4:30	0.541
9/15/2017 5:00	0.583
9/15/2017 5:30	0.611
9/15/2017 6:00	0.639
9/15/2017 6:30	0.655
9/15/2017 7:00	0.670
9/15/2017 7:30	0.667
9/15/2017 8:00	0.664
9/15/2017 8:30	0.664
9/15/2017 9:00	0.664
9/15/2017 9:30	0.651
9/15/2017 10:00	0.637
9/15/2017 10:30	0.633
9/15/2017 11:00	0.628
9/15/2017 11:30	0.614
9/15/2017 12:00	0.599
9/15/2017 12:30	0.601
9/15/2017 13:00	0.603
9/15/2017 13:30	0.606
9/15/2017 14:00	0.609
9/15/2017 14:30	0.606
9/15/2017 15:00	0.603
9/15/2017 15:30	0.593
9/15/2017 16:00	0.582
9/15/2017 16:30	0.547
9/15/2017 17:00	0.512
9/15/2017 17:30	0.472
9/15/2017 18:00	0.431
9/15/2017 18:30	0.386
9/15/2017 19:00	0.340
9/15/2017 19:30	0.293
9/15/2017 20:00	0.245
9/15/2017 20:30	0.211
9/15/2017 21:00	0.177
9/15/2017 21:30	0.136
9/15/2017 22:00	0.094
9/15/2017 22:30	0.061
9/15/2017 23:00	0.027
9/15/2017 23:30	0.012
9/16/2017 0:00	-0.003
9/16/2017 0:30	0.007
9/16/2017 1:00	0.017
9/16/2017 1:30	0.064
9/16/2017 2:00	0.111
9/16/2017 2:30	0.168
9/16/2017 3:00	0.224
9/16/2017 3:30	0.284
9/16/2017 4:00	0.343
9/16/2017 4:30	0.377
9/16/2017 5:00	0.411
9/16/2017 5:30	0.446
9/16/2017 6:00	0.481
9/16/2017 6:30	0.492
9/16/2017 7:00	0.502
9/16/2017 7:30	0.508
9/16/2017 8:00	0.514
9/16/2017 8:30	0.516
9/16/2017 9:00	0.518
9/16/2017 9:30	0.510
9/16/2017 10:00	0.501
9/16/2017 10:30	0.483
9/16/2017 11:00	0.464
9/16/2017 11:30	0.444
9/16/2017 12:00	0.423
9/16/2017 12:30	0.419
9/16/2017 13:00	0.414
9/16/2017 13:30	0.413
9/16/2017 14:00	0.412
9/16/2017 14:30	0.421
9/16/2017 15:00	0.430
9/16/2017 15:30	0.425
9/16/2017 16:00	0.420
9/16/2017 16:30	0.402
9/16/2017 17:00	0.383
9/16/2017 17:30	0.369
9/16/2017 18:00	0.354
9/16/2017 18:30	0.333
9/16/2017 19:00	0.311
9/16/2017 19:30	0.266
9/16/2017 20:00	0.221
9/16/2017 20:30	0.193
9/16/2017 21:00	0.164
9/16/2017 21:30	0.136
9/16/2017 22:00	0.108
9/16/2017 22:30	0.064
9/16/2017 23:00	0.019
9/16/2017 23:30	-0.017
9/17/2017 0:00	-0.052
9/17/2017 0:30	-0.064
9/17/2017 1:00	-0.075
9/17/2017 1:30	-0.050
9/17/2017 2:00	-0.025
9/17/2017 2:30	0.026
9/17/2017 3:00	0.077
9/17/2017 3:30	0.141
9/17/2017 4:00	0.204
9/17/2017 4:30	0.260
9/17/2017 5:00	0.316
9/17/2017 5:30	0.360
9/17/2017 6:00	0.404
9/17/2017 6:30	0.446
9/17/2017 7:00	0.487
9/17/2017 7:30	0.507
9/17/2017 8:00	0.527
9/17/2017 8:30	0.531
9/17/2017 9:00	0.535
9/17/2017 9:30	0.526
9/17/2017 10:00	0.517
9/17/2017 10:30	0.493
9/17/2017 11:00	0.469
9/17/2017 11:30	0.454
9/17/2017 12:00	0.438
9/17/2017 12:30	0.428
9/17/2017 13:00	0.418
9/17/2017 13:30	0.425
9/17/2017 14:00	0.431
9/17/2017 14:30	0.427
9/17/2017 15:00	0.422
9/17/2017 15:30	0.420
9/17/2017 16:00	0.418
9/17/2017 16:30	0.414
9/17/2017 17:00	0.409
9/17/2017 17:30	0.417
9/17/2017 18:00	0.424
9/17/2017 18:30	0.428
9/17/2017 19:00	0.432
9/17/2017 19:30	0.415
9/17/2017 20:00	0.398
9/17/2017 20:30	0.378
9/17/2017 21:00	0.357
9/17/2017 21:30	0.316
9/17/2017 22:00	0.274
9/17/2017 22:30	0.239
9/17/2017 23:00	0.204
9/17/2017 23:30	0.145
9/18/2017 0:00	0.086
9/18/2017 0:30	0.048
9/18/2017 1:00	0.010
9/18/2017 1:30	-0.001
9/18/2017 2:00	-0.012
9/18/2017 2:30	0.007
9/18/2017 3:00	0.025
9/18/2017 3:30	0.086
9/18/2017 4:00	0.146
9/18/2017 4:30	0.214
9/18/2017 5:00	0.281
9/18/2017 5:30	0.337
9/18/2017 6:00	0.392
9/18/2017 6:30	0.424
9/18/2017 7:00	0.456
9/18/2017 7:30	0.481
9/18/2017 8:00	0.506
9/18/2017 8:30	0.505
9/18/2017 9:00	0.503
9/18/2017 9:30	0.507
9/18/2017 10:00	0.510
9/18/2017 10:30	0.490
9/18/2017 11:00	0.470
9/18/2017 11:30	0.464
9/18/2017 12:00	0.458
9/18/2017 12:30	0.441
9/18/2017 13:00	0.423
9/18/2017 13:30	0.430
9/18/2017 14:00	0.437
9/18/2017 14:30	0.431
9/18/2017 15:00	0.424
9/18/2017 15:30	0.416
9/18/2017 16:00	0.408
9/18/2017 16:30	0.414
9/18/2017 17:00	0.419
9/18/2017 17:30	0.432
9/18/2017 18:00	0.444
9/18/2017 18:30	0.465
9/18/2017 19:00	0.485
9/18/2017 19:30	0.496
9/18/2017 20:00	0.507
9/18/2017 20:30	0.515
9/18/2017 21:00	0.522
9/18/2017 21:30	0.487
9/18/2017 22:00	0.452
9/18/2017 22:30	0.394
9/18/2017 23:00	0.336
9/18/2017 23:30	0.288
9/19/2017 0:00	0.239
9/19/2017 0:30	0.195
9/19/2017 1:00	0.150
9/19/2017 1:30	0.121
9/19/2017 2:00	0.091
9/19/2017 2:30	0.091
9/19/2017 3:00	0.090
9/19/2017 3:30	0.131
9/19/2017 4:00	0.172
9/19/2017 4:30	0.206
9/19/2017 5:00	0.239
9/19/2017 5:30	0.297
9/19/2017 6:00	0.355
9/19/2017 6:30	0.423
9/19/2017 7:00	0.490
9/19/2017 7:30	0.527
9/19/2017 8:00	0.564
9/19/2017 8:30	0.574
9/19/2017 9:00	0.584
9/19/2017 9:30	0.582
9/19/2017 10:00	0.580
9/19/2017 10:30	0.564
9/19/2017 11:00	0.548
9/19/2017 11:30	0.539
9/19/2017 12:00	0.530
9/19/2017 12:30	0.515
9/19/2017 13:00	0.500
9/19/2017 13:30	0.482
9/19/2017 14:00	0.464
9/19/2017 14:30	0.445
9/19/2017 15:00	0.426
9/19/2017 15:30	0.410
9/19/2017 16:00	0.394
9/19/2017 16:30	0.407
9/19/2017 17:00	0.419
9/19/2017 17:30	0.441
9/19/2017 18:00	0.463
9/19/2017 18:30	0.492
9/19/2017 19:00	0.520
9/19/2017 19:30	0.549
9/19/2017 20:00	0.577
9/19/2017 20:30	0.588
9/19/2017 21:00	0.599
9/19/2017 21:30	0.580
9/19/2017 22:00	0.560
9/19/2017 22:30	0.527
9/19/2017 23:00	0.493
9/19/2017 23:30	0.451
9/20/2017 0:00	0.409
9/20/2017 0:30	0.375
9/20/2017 1:00	0.341
9/20/2017 1:30	0.300
9/20/2017 2:00	0.259
9/20/2017 2:30	0.236
9/20/2017 3:00	0.213
9/20/2017 3:30	0.217
9/20/2017 4:00	0.220
9/20/2017 4:30	0.233
9/20/2017 5:00	0.245
9/20/2017 5:30	0.292
9/20/2017 6:00	0.339
9/20/2017 6:30	0.392
9/20/2017 7:00	0.444
9/20/2017 7:30	0.489
9/20/2017 8:00	0.534
9/20/2017 8:30	0.548
9/20/2017 9:00	0.561
9/20/2017 9:30	0.553
9/20/2017 10:00	0.544
9/20/2017 10:30	0.533
9/20/2017 11:00	0.521
9/20/2017 11:30	0.490
9/20/2017 12:00	0.459
9/20/2017 12:30	0.430
9/20/2017 13:00	0.401
9/20/2017 13:30	0.375
9/20/2017 14:00	0.349
9/20/2017 14:30	0.332
9/20/2017 15:00	0.314
9/20/2017 15:30	0.296
9/20/2017 16:00	0.277
9/20/2017 16:30	0.268
9/20/2017 17:00	0.258
9/20/2017 17:30	0.268
9/20/2017 18:00	0.278
9/20/2017 18:30	0.319
9/20/2017 19:00	0.360
9/20/2017 19:30	0.395
9/20/2017 20:00	0.429
9/20/2017 20:30	0.454
9/20/2017 21:00	0.479
9/20/2017 21:30	0.491
9/20/2017 22:00	0.503
9/20/2017 22:30	0.489
9/20/2017 23:00	0.474
9/20/2017 23:30	0.442
9/21/2017 0:00	0.409
9/21/2017 0:30	0.381
9/21/2017 1:00	0.353
9/21/2017 1:30	0.322
9/21/2017 2:00	0.291
9/21/2017 2:30	0.269
9/21/2017 3:00	0.247
9/21/2017 3:30	0.254
9/21/2017 4:00	0.260
9/21/2017 4:30	0.250
9/21/2017 5:00	0.240
9/21/2017 5:30	0.271
9/21/2017 6:00	0.302
9/21/2017 6:30	0.326
9/21/2017 7:00	0.349
9/21/2017 7:30	0.384
9/21/2017 8:00	0.418
9/21/2017 8:30	0.450
9/21/2017 9:00	0.481
9/21/2017 9:30	0.501
9/21/2017 10:00	0.520
9/21/2017 10:30	0.520
9/21/2017 11:00	0.519
9/21/2017 11:30	0.494
9/21/2017 12:00	0.469
9/21/2017 12:30	0.439
9/21/2017 13:00	0.408
9/21/2017 13:30	0.372
9/21/2017 14:00	0.335
9/21/2017 14:30	0.317
9/21/2017 15:00	0.298
9/21/2017 15:30	0.270
9/21/2017 16:00	0.241
9/21/2017 16:30	0.225
9/21/2017 17:00	0.209
9/21/2017 17:30	0.218
9/21/2017 18:00	0.227
9/21/2017 18:30	0.266
9/21/2017 19:00	0.305
9/21/2017 19:30	0.351
9/21/2017 20:00	0.396
9/21/2017 20:30	0.441
9/21/2017 21:00	0.485
9/21/2017 21:30	0.488
9/21/2017 22:00	0.491
9/21/2017 22:30	0.506
9/21/2017 23:00	0.520
9/21/2017 23:30	0.488
9/22/2017 0:00	0.456
9/22/2017 0:30	0.424
9/22/2017 1:00	0.391
9/22/2017 1:30	0.360
9/22/2017 2:00	0.329
9/22/2017 2:30	0.313
9/22/2017 3:00	0.297
9/22/2017 3:30	0.273
9/22/2017 4:00	0.249
9/22/2017 4:30	0.247
9/22/2017 5:00	0.244
9/22/2017 5:30	0.255
9/22/2017 6:00	0.265
9/22/2017 6:30	0.288
9/22/2017 7:00	0.311
9/22/2017 7:30	0.328
9/22/2017 8:00	0.345
9/22/2017 8:30	0.382
9/22/2017 9:00	0.418
9/22/2017 9:30	0.445
9/22/2017 10:00	0.471
9/22/2017 10:30	0.468
9/22/2017 11:00	0.464
9/22/2017 11:30	0.434
9/22/2017 12:00	0.403
9/22/2017 12:30	0.374
9/22/2017 13:00	0.345
9/22/2017 13:30	0.328
9/22/2017 14:00	0.310
9/22/2017 14:30	0.284
9/22/2017 15:00	0.257
9/22/2017 15:30	0.219
9/22/2017 16:00	0.181
9/22/2017 16:30	0.178
9/22/2017 17:00	0.175
9/22/2017 17:30	0.183
9/22/2017 18:00	0.190
9/22/2017 18:30	0.199
9/22/2017 19:00	0.207
9/22/2017 19:30	0.251
9/22/2017 20:00	0.295
9/22/2017 20:30	0.341
9/22/2017 21:00	0.387
9/22/2017 21:30	0.424
9/22/2017 22:00	0.461
9/22/2017 22:30	0.491
9/22/2017 23:00	0.521
9/22/2017 23:30	0.518
9/23/2017 0:00	0.515
9/23/2017 0:30	0.504
9/23/2017 1:00	0.493
9/23/2017 1:30	0.471
9/23/2017 2:00	0.448
9/23/2017 2:30	0.430
9/23/2017 3:00	0.412
9/23/2017 3:30	0.408
9/23/2017 4:00	0.403
9/23/2017 4:30	0.384
9/23/2017 5:00	0.365
9/23/2017 5:30	0.377
9/23/2017 6:00	0.389
9/23/2017 6:30	0.402
9/23/2017 7:00	0.414
9/23/2017 7:30	0.414
9/23/2017 8:00	0.413
9/23/2017 8:30	0.405
9/23/2017 9:00	0.396
9/23/2017 9:30	0.453
9/23/2017 10:00	0.509
9/23/2017 10:30	0.496
9/23/2017 11:00	0.482
9/23/2017 11:30	0.473
9/23/2017 12:00	0.463
9/23/2017 12:30	0.461
9/23/2017 13:00	0.459
9/23/2017 13:30	0.435
9/23/2017 14:00	0.410
9/23/2017 14:30	0.352
9/23/2017 15:00	0.294
9/23/2017 15:30	0.253
9/23/2017 16:00	0.212
9/23/2017 16:30	0.195
9/23/2017 17:00	0.177
9/23/2017 17:30	0.181
9/23/2017 18:00	0.184
9/23/2017 18:30	0.198
9/23/2017 19:00	0.211
9/23/2017 19:30	0.252
9/23/2017 20:00	0.292
9/23/2017 20:30	0.330
9/23/2017 21:00	0.368
9/23/2017 21:30	0.410
9/23/2017 22:00	0.451
9/23/2017 22:30	0.482
9/23/2017 23:00	0.512
9/23/2017 23:30	0.533
9/24/2017 0:00	0.554
9/24/2017 0:30	0.545
9/24/2017 1:00	0.535
9/24/2017 1:30	0.538
9/24/2017 2:00	0.541
9/24/2017 2:30	0.537
9/24/2017 3:00	0.532
9/24/2017 3:30	0.512
9/24/2017 4:00	0.492
9/24/2017 4:30	0.510
9/24/2017 5:00	0.528
9/24/2017 5:30	0.518
9/24/2017 6:00	0.508
9/24/2017 6:30	0.508
9/24/2017 7:00	0.508
9/24/2017 7:30	0.503
9/24/2017 8:00	0.498
9/24/2017 8:30	0.516
9/24/2017 9:00	0.533
9/24/2017 9:30	0.550
9/24/2017 10:00	0.567
9/24/2017 10:30	0.574
9/24/2017 11:00	0.580
9/24/2017 11:30	0.571
9/24/2017 12:00	0.561
9/24/2017 12:30	0.544
9/24/2017 13:00	0.527
9/24/2017 13:30	0.502
9/24/2017 14:00	0.477
9/24/2017 14:30	0.449
9/24/2017 15:00	0.420
9/24/2017 15:30	0.366
9/24/2017 16:00	0.312
9/24/2017 16:30	0.272
9/24/2017 17:00	0.232
9/24/2017 17:30	0.221
9/24/2017 18:00	0.210
9/24/2017 18:30	0.210
9/24/2017 19:00	0.210
9/24/2017 19:30	0.247
9/24/2017 20:00	0.284
9/24/2017 20:30	0.340
9/24/2017 21:00	0.395
9/24/2017 21:30	0.423
9/24/2017 22:00	0.450
9/24/2017 22:30	0.491
9/24/2017 23:00	0.531
9/24/2017 23:30	0.535
9/25/2017 0:00	0.538
9/25/2017 0:30	0.560
9/25/2017 1:00	0.581
9/25/2017 1:30	0.585
9/25/2017 2:00	0.588
9/25/2017 2:30	0.599
9/25/2017 3:00	0.610
9/25/2017 3:30	0.612
9/25/2017 4:00	0.613
9/25/2017 4:30	0.597
9/25/2017 5:00	0.580
9/25/2017 5:30	0.574
9/25/2017 6:00	0.568
9/25/2017 6:30	0.578
9/25/2017 7:00	0.587
9/25/2017 7:30	0.602
9/25/2017 8:00	0.616
9/25/2017 8:30	0.610
9/25/2017 9:00	0.604
9/25/2017 9:30	0.615
9/25/2017 10:00	0.626
9/25/2017 10:30	0.622
9/25/2017 11:00	0.618
9/25/2017 11:30	0.624
9/25/2017 12:00	0.629
9/25/2017 12:30	0.611
9/25/2017 13:00	0.592
9/25/2017 13:30	0.583
9/25/2017 14:00	0.573
9/25/2017 14:30	0.549
9/25/2017 15:00	0.525
9/25/2017 15:30	0.483
9/25/2017 16:00	0.441
9/25/2017 16:30	0.408
9/25/2017 17:00	0.374
9/25/2017 17:30	0.344
9/25/2017 18:00	0.314
9/25/2017 18:30	0.315
9/25/2017 19:00	0.316
9/25/2017 19:30	0.325
9/25/2017 20:00	0.334
9/25/2017 20:30	0.359
9/25/2017 21:00	0.383
9/25/2017 21:30	0.424
9/25/2017 22:00	0.465
9/25/2017 22:30	0.488
9/25/2017 23:00	0.511
9/25/2017 23:30	0.532
9/26/2017 0:00	0.552
9/26/2017 0:30	0.580
9/26/2017 1:00	0.607
9/26/2017 1:30	0.614
9/26/2017 2:00	0.621
9/26/2017 2:30	0.640
9/26/2017 3:00	0.658
9/26/2017 3:30	0.661
9/26/2017 4:00	0.663
9/26/2017 4:30	0.656
9/26/2017 5:00	0.648
9/26/2017 5:30	0.646
9/26/2017 6:00	0.643
9/26/2017 6:30	0.628
9/26/2017 7:00	0.613
9/26/2017 7:30	0.605
9/26/2017 8:00	0.596
9/26/2017 8:30	0.592
9/26/2017 9:00	0.587
9/26/2017 9:30	0.583
9/26/2017 10:00	0.578
9/26/2017 10:30	0.575
9/26/2017 11:00	0.572
9/26/2017 11:30	0.560
9/26/2017 12:00	0.548
9/26/2017 12:30	0.532
9/26/2017 13:00	0.515
9/26/2017 13:30	0.501
9/26/2017 14:00	0.486
9/26/2017 14:30	0.464
9/26/2017 15:00	0.442
9/26/2017 15:30	0.389
9/26/2017 16:00	0.336
9/26/2017 16:30	0.297
9/26/2017 17:00	0.258
9/26/2017 17:30	0.228
9/26/2017 18:00	0.197
9/26/2017 18:30	0.184
9/26/2017 19:00	0.171
9/26/2017 19:30	0.185
9/26/2017 20:00	0.198
9/26/2017 20:30	0.213
9/26/2017 21:00	0.227
9/26/2017 21:30	0.258
9/26/2017 22:00	0.288
9/26/2017 22:30	0.326
9/26/2017 23:00	0.363
9/26/2017 23:30	0.392
9/27/2017 0:00	0.421
9/27/2017 0:30	0.441
9/27/2017 1:00	0.461
9/27/2017 1:30	0.484
9/27/2017 2:00	0.507
9/27/2017 2:30	0.542
9/27/2017 3:00	0.577
9/27/2017 3:30	0.594
9/27/2017 4:00	0.611
9/27/2017 4:30	0.611
9/27/2017 5:00	0.610
9/27/2017 5:30	0.607
9/27/2017 6:00	0.604
9/27/2017 6:30	0.602
9/27/2017 7:00	0.599
9/27/2017 7:30	0.591
9/27/2017 8:00	0.582
9/27/2017 8:30	0.574
9/27/2017 9:00	0.566
9/27/2017 9:30	0.563
9/27/2017 10:00	0.560
9/27/2017 10:30	0.548
9/27/2017 11:00	0.536
9/27/2017 11:30	0.535
9/27/2017 12:00	0.534
9/27/2017 12:30	0.532
9/27/2017 13:00	0.529
9/27/2017 13:30	0.531
9/27/2017 14:00	0.533
9/27/2017 14:30	0.512
9/27/2017 15:00	0.490
9/27/2017 15:30	0.460
9/27/2017 16:00	0.430
9/27/2017 16:30	0.372
9/27/2017 17:00	0.314
9/27/2017 17:30	0.269
9/27/2017 18:00	0.223
9/27/2017 18:30	0.204
9/27/2017 19:00	0.184
9/27/2017 19:30	0.173
9/27/2017 20:00	0.161
9/27/2017 20:30	0.175
9/27/2017 21:00	0.188
9/27/2017 21:30	0.193
9/27/2017 22:00	0.197
9/27/2017 22:30	0.229
9/27/2017 23:00	0.260
9/27/2017 23:30	0.292
9/28/2017 0:00	0.324
9/28/2017 0:30	0.341
9/28/2017 1:00	0.358
9/28/2017 1:30	0.394
9/28/2017 2:00	0.430
9/28/2017 2:30	0.445
9/28/2017 3:00	0.459
9/28/2017 3:30	0.492
9/28/2017 4:00	0.525
9/28/2017 4:30	0.533
9/28/2017 5:00	0.541
9/28/2017 5:30	0.550
9/28/2017 6:00	0.558
9/28/2017 6:30	0.572
9/28/2017 7:00	0.586
9/28/2017 7:30	0.588
9/28/2017 8:00	0.589
9/28/2017 8:30	0.571
9/28/2017 9:00	0.553
9/28/2017 9:30	0.583
9/28/2017 10:00	0.612
9/28/2017 10:30	0.563
9/28/2017 11:00	0.514
9/28/2017 11:30	0.544
9/28/2017 12:00	0.573
9/28/2017 12:30	0.554
9/28/2017 13:00	0.534
9/28/2017 13:30	0.533
9/28/2017 14:00	0.531
9/28/2017 14:30	0.517
9/28/2017 15:00	0.502
9/28/2017 15:30	0.484
9/28/2017 16:00	0.466
9/28/2017 16:30	0.416
9/28/2017 17:00	0.366
9/28/2017 17:30	0.324
9/28/2017 18:00	0.282
9/28/2017 18:30	0.245
9/28/2017 19:00	0.208
9/28/2017 19:30	0.202
9/28/2017 20:00	0.195
9/28/2017 20:30	0.179
9/28/2017 21:00	0.163
9/28/2017 21:30	0.176
9/28/2017 22:00	0.189
9/28/2017 22:30	0.202
9/28/2017 23:00	0.214
9/28/2017 23:30	0.250
9/29/2017 0:00	0.285
9/29/2017 0:30	0.316
9/29/2017 1:00	0.347
9/29/2017 1:30	0.387
9/29/2017 2:00	0.427
9/29/2017 2:30	0.465
9/29/2017 3:00	0.502
9/29/2017 3:30	0.499
9/29/2017 4:00	0.496
9/29/2017 4:30	0.523
9/29/2017 5:00	0.549
9/29/2017 5:30	0.564
9/29/2017 6:00	0.579
9/29/2017 6:30	0.580
9/29/2017 7:00	0.581
9/29/2017 7:30	0.576
9/29/2017 8:00	0.571
9/29/2017 8:30	0.567
9/29/2017 9:00	0.563
9/29/2017 9:30	0.567
9/29/2017 10:00	0.571
9/29/2017 10:30	0.563
9/29/2017 11:00	0.554
9/29/2017 11:30	0.525
9/29/2017 12:00	0.495
9/29/2017 12:30	0.511
9/29/2017 13:00	0.527
9/29/2017 13:30	0.498
9/29/2017 14:00	0.469
9/29/2017 14:30	0.476
9/29/2017 15:00	0.483
9/29/2017 15:30	0.496
9/29/2017 16:00	0.509
9/29/2017 16:30	0.443
9/29/2017 17:00	0.377
9/29/2017 17:30	0.361
9/29/2017 18:00	0.344
9/29/2017 18:30	0.315
9/29/2017 19:00	0.286
9/29/2017 19:30	0.264
9/29/2017 20:00	0.242
9/29/2017 20:30	0.227
9/29/2017 21:00	0.212
9/29/2017 21:30	0.211
9/29/2017 22:00	0.209
9/29/2017 22:30	0.208
9/29/2017 23:00	0.206
9/29/2017 23:30	0.219
9/30/2017 0:00	0.232
9/30/2017 0:30	0.253
9/30/2017 1:00	0.273
9/30/2017 1:30	0.311
9/30/2017 2:00	0.349
9/30/2017 2:30	0.367
9/30/2017 3:00	0.385
9/30/2017 3:30	0.429
9/30/2017 4:00	0.472
9/30/2017 4:30	0.503
9/30/2017 5:00	0.534
9/30/2017 5:30	0.557
9/30/2017 6:00	0.580
9/30/2017 6:30	0.590
9/30/2017 7:00	0.599
9/30/2017 7:30	0.607
9/30/2017 8:00	0.615
9/30/2017 8:30	0.583
9/30/2017 9:00	0.551
9/30/2017 9:30	0.538
9/30/2017 10:00	0.525
9/30/2017 10:30	0.531
9/30/2017 11:00	0.536
9/30/2017 11:30	0.520
9/30/2017 12:00	0.504
9/30/2017 12:30	0.514
9/30/2017 13:00	0.523
9/30/2017 13:30	0.536
9/30/2017 14:00	0.548
9/30/2017 14:30	0.554
9/30/2017 15:00	0.559
9/30/2017 15:30	0.555
9/30/2017 16:00	0.551
9/30/2017 16:30	0.527
9/30/2017 17:00	0.503
9/30/2017 17:30	0.473
9/30/2017 18:00	0.442
9/30/2017 18:30	0.405
9/30/2017 19:00	0.368
9/30/2017 19:30	0.331
9/30/2017 20:00	0.294
9/30/2017 20:30	0.273
9/30/2017 21:00	0.252
9/30/2017 21:30	0.237
9/30/2017 22:00	0.222
9/30/2017 22:30	0.211
9/30/2017 23:00	0.200
